Номер;Партнер;Услуга;Срок действия;Описание;Где использован;Дата визита
П001;Гинза;стрижка от ТОП стилиста;с 1января по 1 марта
П002;Гинза;стрижка от ТОП стилиста;с 1января по 1 марта
П003;Гинза;стрижка от ТОП стилиста;с 1января по 1 марта
П004;Гинза;стрижка от ТОП стилиста;с 1января по 1 марта
П005;Гинза;стрижка от ТОП стилиста;с 1января по 1 марта
П006;Гинза;стрижка от ТОП стилиста;с 1января по 1 марта
П007;Гинза;стрижка от ТОП стилиста;с 1января по 1 марта
П008;Гинза;стрижка от ТОП стилиста;с 1января по 1 марта
П009;Гинза;стрижка от ТОП стилиста;с 1января по 1 марта
П010;Гинза;стрижка от ТОП стилиста;с 1января по 1 марта
П011;Гинза;укладка от ТОП-стилиста;с 1января по 1 марта
П012;Гинза;укладка от ТОП-стилиста;с 1января по 1 марта
П013;Гинза;укладка от ТОП-стилиста;с 1января по 1 марта
П014;Гинза;укладка от ТОП-стилиста;с 1января по 1 марта
П015;Гинза;укладка от ТОП-стилиста;с 1января по 1 марта
П016;Гинза;укладка от ТОП-стилиста;с 1января по 1 марта
П017;Гинза;укладка от ТОП-стилиста;с 1января по 1 марта
П018;Гинза;укладка от ТОП-стилиста;с 1января по 1 марта
П019;Гинза;укладка от ТОП-стилиста;с 1января по 1 марта
П020;Гинза;укладка от ТОП-стилиста;с 1января по 1 марта
П021;Гинза;стрижка и укладка от ТОП стилиста;с 1января по 1 марта
П022;Гинза;стрижка и укладка от ТОП стилиста;с 1января по 1 марта;;Восстания;19.02.2024
П023;Гинза;стрижка и укладка от ТОП стилиста;с 1января по 1 марта;;Невсий ;26.02.24
П024;Гинза;стрижка и укладка от ТОП стилиста;с 1января по 1 марта;;Восстания;09.02.24
П025;Гинза;стрижка и укладка от ТОП стилиста;с 1января по 1 марта
П026;Гинза;стрижка и укладка от ТОП стилиста;с 1января по 1 марта
П027;Гинза;стрижка и укладка от ТОП стилиста;с 1января по 1 марта
П028;Гинза;стрижка и укладка от ТОП стилиста;с 1января по 1 марта
П029;Гинза;стрижка и укладка от ТОП стилиста;с 1января по 1 марта
П030;Гинза;стрижка и укладка от ТОП стилиста;с 1января по 1 марта
П031;ВИВОтату;все включено топ стилист;не ограничен;;италия;20.01
П032;ВИВОтату;все включено топ стилист;не ограничен;;невский;13.01
П033;ВИВОтату;все включено топ стилист;не ограничен
П034;ВИВОтату;все включено топ стилист;не ограничен;;липовая;26.01
П035;ВИВОтату;все включено топ стилист;не ограничен;;гороховая;13.02
П036;ВИВОтату;стрижка от ТОП стиоиста;не ограничен
П037;ВИВОтату;стрижка от ТОП стиоиста;не ограничен
П038;ВИВОтату;стрижка от ТОП стиоиста;не ограничен
П039;ВИВОтату;стрижка от ТОП стиоиста;не ограничен;;Петроградская;09.05.2024
П040;ВИВОтату;стрижка от ТОП стиоиста;не ограничен;;Невский;02.06.2024.
П041;trendybox;все включено топ ;не ограничен 
П042;yoki;все включено стилист;не ограничен;восстания
П043;неоэстетика;все включено топ;с 1января по 1 марта;московская
П044;неоэстетика;все включено топ;с 1января по 1 марта;московская
П045;неоэстетика;все включено топ;с 1января по 1 марта;московская

П046;неоэстетика;все включено топ;с 1января по 1 марта;московская
П047;неоэстетика;все включено топ;с 1января по 1 марта;московская
П048;неоэстетика;все включено топ;с 1января по 1 марта;московская
П049;неоэстетика;все включено топ;с 1января по 1 марта;московская
П050;неоэстетика;все включено топ;с 1января по 1 марта;московская
П051;неоэстетика;все включено топ;с 1января по 1 марта;московская
П052;неоэстетика;все включено топ;с 1января по 1 марта;московская
П053;неоэстетика;все включено топ;с 1января по 1 марта;московская
П054;неоэстетика;все включено топ;с 1января по 1 марта;московская;Восстания;09.02
П055;неоэстетика;все включено топ;с 1января по 1 марта;московская
П056;неоэстетика;все включено топ;с 1января по 1 марта;московская
П057;неоэстетика;все включено топ;с 1января по 1 марта;московская
П058;неоэстетика;все включено топ;с 1января по 1 марта;московская
П059;неоэстетика;все включено топ;с 1января по 1 марта;московская
П060;неоэстетика;все включено топ;с 1января по 1 марта;московская
П061;неоэстетика;все включено топ;с 1января по 1 марта;московская
П062;неоэстетика;все включено топ;с 1января по 1 марта;московская
П063;неоэстетика;все включено топ;с 1января по 1 марта;московская
П064;неоэстетика;все включено топ;с 1января по 1 марта;московская
П065;неоэстетика;все включено топ;с 1января по 1 марта;московская
П066;неоэстетика;все включено топ;с 1января по 1 марта;московская
П067;неоэстетика;все включено топ;с 1января по 1 марта;московская
П068;неоэстетика;все включено топ;с 1января по 1 марта;московская
П069;неоэстетика;все включено топ;с 1января по 1 марта;московская
П070;неоэстетика;все включено топ;с 1января по 1 марта;московская
П071;неоэстетика;все включено топ;с 1января по 1 марта;московская
П072;неоэстетика;все включено топ;с 1января по 1 марта;московская
П073;неоэстетика;все включено топ;с 1января по 1 марта;московская;Московская;24.02
П074;неоэстетика;все включено топ;с 1января по 1 марта;московская;Московская;01.03
П075;неоэстетика;все включено топ;с 1января по 1 марта;московская
П076;неоэстетика;все включено топ;с 1января по 1 марта;московская
П077;неоэстетика;все включено топ;с 1января по 1 марта;московская
П078;неоэстетика;все включено топ;с 1января по 1 марта;московская
П079;неоэстетика;все включено топ;с 1января по 1 марта;московская
П080;неоэстетика;все включено топ;с 1января по 1 марта;московская
П081;неоэстетика;все включено топ;с 1января по 1 марта;московская
П082;неоэстетика;все включено топ;с 1января по 1 марта;московская;Гороховая;23.02
П083;неоэстетика;все включено топ;с 1января по 1 марта;московская
П084;неоэстетика;все включено топ;с 1января по 1 марта;московская
П085;неоэстетика;все включено топ;с 1января по 1 марта;московская
П086;неоэстетика;все включено топ;с 1января по 1 марта;московская
П087;неоэстетика;все включено топ;с 1января по 1 марта;московская
П088;неоэстетика;все включено топ;с 1января по 1 марта;московская
П089;неоэстетика;все включено топ;с 1января по 1 марта;московская
П090;неоэстетика;все включено топ;с 1января по 1 марта;московская
П091;неоэстетика;все включено топ;с 1января по 1 марта;московская
П092;неоэстетика;все включено топ;с 1января по 1 марта;московская
П093;тренди бокс;все включено топ стилист;не ограничен;;Большевики;28.01.24
П094;гинза;стрижка+укладка топ стилист;не ограничен
П095;гинза;стрижка+укладка топ стилист;не ограничен
П096;гинза;стрижка+укладка топ стилист;не ограничен;;Новочеркасская;25.02.24
П097;гинза;стрижка+укладка топ стилист;не ограничен;;Большевики;28.01.24
П098;гинза;стрижка+укладка топ стилист;не ограничен
П099;синемапарк;все вклчено топ-стилист;не ограничен;;Большевики;08.01.2024
П100;синемапарк;все вклчено топ-стилист;не ограничен;;Итальянская;01.04
П101;синемапарк;все вклчено топ-стилист;не ограничен
П102;синемапарк;все включено стилист;не ограничен;;московская;15.04.2024
П103;синемапарк;все включено стилист;не ограничен
П104;синемапарк;все включено стилист;не ограничен;;Большевики;23.02.2024
П105;синемапарк;все включено стилист;не ограничен;;Новочеркасская;10.04.2024
П106;синемапарк;все включено стилист;не ограничен
П107;синемапарк;стрижка от топ стилиста;не ограничен;;Большевики;29.03.24
П108;синемапарк;стрижка от топ стилиста;не ограничен
П109;синемапарк;стрижка от топ стилиста;не ограничен
П110;синемапарк;стрижка от топ стилиста;не ограничен
П111;синемапарк;стрижка от топ стилиста;не ограничен
П112;синемапарк;стрижка+укладка от стилиста;не ограничен;;Невский ;21.02.2024
П113;синемапарк;стрижка+укладка от стилиста;не ограничен
П114;синемапарк;стрижка+укладка от топ-стилиста;не ограничен;;Петроградская;11.01.2024
П115;синемапарк;стрижка+укладка от стилиста;не ограничен;;липовая;30.01.24
П116;синемапарк;стрижка+укладка от стилиста;не ограничен
П117;вивотату;все включено топ;не ограничен;;Гороховая;25.01.2024
П118;коммод ;все включено топ;01.08.24;;Невский;10.04.2024
П119;коммод ;все включено топ;01.08.24
П120;коммод ;все включено топ;01.08.24;;Московская;18.03.2024
П121;коммод ;все включено топ;01.08.24
П122;коммод ;все включено топ;01.08.24;;Восстания;18.02.2024
П123;коммод ;все включено топ;01.08.24
П124;коммод ;все включено топ;01.08.24
П125;коммод ;все включено топ;01.08.24
П126;коммод ;все включено топ;01.08.24
П127;коммод ;все включено топ;01.08.24
П128;коммод ;все включено топ;01.08.24
П129;коммод ;все включено топ;01.08.24
П130;коммод ;все включено топ;01.08.24
П131;коммод ;все включено топ;01.08.24
П132;коммод ;стрижка+укладка от топ-стилиста;01.08.24
П133;коммод ;стрижка+укладка от топ-стилиста;01.08.24
П134;коммод ;стрижка+укладка от топ-стилиста;01.08.24;;восстание;10.01.24
П135;коммод ;стрижка+укладка от топ-стилиста;01.08.24
П136;коммод ;стрижка+укладка от топ-стилиста;01.08.24
П137;коммод ;стрижка+укладка от топ-стилиста;01.08.24
П138;коммод ;стрижка+укладка от топ-стилиста;01.08.24
П139;коммод ;стрижка+укладка от топ-стилиста;01.08.24
П140;коммод ;стрижка+укладка от топ-стилиста;01.08.24
П141;коммод ;стрижка+укладка от топ-стилиста;01.08.24
П142;коммод ;стрижка+укладка от топ-стилиста;01.08.24
П143;коммод ;стрижка+укладка от топ-стилиста;01.08.24
П144;sova.rent;все включено топ стилист;не ограничен;;Восстания;25.06.24
П145;vivo msk;все включено топ;не ограничен 
П146;sova.rent;все включено топ;01.09.24
П147;sova.rent;все включено топ;01.09.24
П148;sova.rent;все включено топ;01.09.24
П149;sova.rent;все включено топ;01.09.24
П150;sova.rent;стрижка + укладка топ ;01.09.24
П151;sova.rent;стрижка + укладка топ ;01.09.24
П152;sova.rent;стрижка + укладка топ ;01.09.24
П153;sova.rent;стрижка + укладка топ ;01.09.24
П154;sova.rent;стрижка + укладка топ ;01.09.24
П155;sova.rent;стрижка + укладка топ ;01.09.24
П156;sova.rent;стрижка + укладка топ ;01.09.24
П157;sova.rent;стрижка + укладка топ ;01.09.24
П158;sova.rent;стрижка + укладка топ ;01.09.24
П159;мни мни массаж;все включено стилист;01.06.2024;;Невский;04.06.24
П160;мни мни массаж;все включено стилист;01.06.2024;;восстание;25.04.24
П161;мни мни массаж;все включено стилист;01.06.2024;;невский;15.05.24
П162;gipsy.tattoo ;номинал 3000₽;23.03.2025;;гороховая ;09.04.24
П163;gipsy.tattoo ;номинал 3000₽;23.03.2025
П164;gipsy.tattoo ;номинал 3000₽;23.03.2025
П165;gipsy.tattoo ;номинал 3000₽;23.03.2025
П166;gipsy.tattoo ;номинал 3000₽;23.03.2025;;Восстания;06.12.2024
П167;gipsy.tattoo ;номинал 3000₽;23.03.2025;;гороховая ;02.04.2024
П168;gipsy.tattoo ;номинал 3000₽;23.03.2025
П169;lpg massage;номинал 2000₽;бессрочно
П170;lpg massage;номинал 2000₽;бессрочно
П171;lpg massage;номинал 2000₽;бессрочно
П172;lpg massage;номинал 2000₽;бессрочно
П173;lpg massage;номинал 2000₽;бессрочно
П174;lpg massage;номинал 2000₽;бессрочно
П175;lpg massage;номинал 2000₽
П176;топстретчинг;все в одном топ;18,042024;;невский;18,04,24
П177;топстретчинг;стрижка + укладка топ
П178;топстретчинг;стрижка + укладка топ
П179;джипситату;номинал 4000₽;бессрочно;;большевиков ;04.05,2024
П180;джипситату;номинал 1000₽;бессрочно 
П181;yuki ;номинал 3000₽;бессрочно ;;итальянская;14.05.2024
П182;гинза;укладка стилист;до 1.10;;Восстания;18.07.2024
П183;гинза;укладка стилист;до 1.10
П184;гинза;укладка стилист;до 1.10;;Московская ;21.08.2024
П185;МаркетПлейс;номинал 3000₽;до 1.12
П186;синемапарк;окрашивание от стилиста (за расходники);1.01.25-1.04.25;;Спб;25.03.25 Кудрово
П187;синемапарк;стрижка от стилиста;1.01.25-1.04.25;;Спб
П188;синемапарк;стрижка от стилиста;1.01.25-1.04.25;;Спб
П189;синемапарк;стрижка от стилиста;1.01.25-1.04.25;;Спб
П190;синемапарк;стрижка от стилиста;1.01.25-1.04.25;;Спб
П191;синемапарк;стрижка от стилиста;1.01.25-1.04.25;;Спб
П192;синемапарк;стрижка от стилиста;1.01.25-1.04.25;;Москва
П193;синемапарк;стрижка от стилиста;1.01.25-1.04.25;;Москва
П194;синемапарк;стрижка от стилиста;1.01.25-1.04.25;;Москва
П195;синемапарк;стрижка от стилиста;1.01.25-1.04.25;;Москва
П196;синемапарк;стрижка от стилиста;1.01.25-1.04.25;;Москва
П197;синемапарк;стрижка + укладка от стилиста;1.01.25-1.04.25;;Спб
П198;синемапарк;стрижка + укладка от стилиста;1.01.25-1.04.25;;Спб
П199;синемапарк;стрижка + укладка от стилиста;1.01.25-1.04.25;;Спб
П200;синемапарк;стрижка + укладка от стилиста;1.01.25-1.04.25;;Москва
П201;синемапарк;стрижка + укладка от стилиста;1.01.25-1.04.25;;Москва
П202;синемапарк;стрижка + укладка от стилиста;1.01.25-1.04.25;;Москва
П203;синемапарк;окрашивание от стилиста (за расходники);1.01.25-1.04.25;;Москва
П204;синемапарк;окрашивание от стилиста (за расходники);1.01.25-1.04.25;;Москва;15.03.2025
П205;синемапарк;окрашивание от стилиста (за расходники);1.01.25-1.04.25;;Спб;08.01.25 Кудро
П206;синемапарк;окрашивание от стилиста (за расходники);1.01.25-1.04.25;;Спб;08.02.25 Кудрово
П207;FitnessHouse;номинал 5000₽;1.01.25-1.04.25;;Кудрово;02.02.25
П208;FitnessHouse;номинал 5000₽;1.01.25-1.04.25;;Мурино и Кудрово;15.02 Кудрово
П209;FitnessHouse;номинал 5000₽;1.01.25-1.04.25;;Мурино и Кудрово;29.04 Мурино потрачено 3250
П210;FitnessHouse;номинал 5000₽;1.01.25-1.04.25;;Мурино и Кудрово
П211;FitnessHouse;номинал 5000₽;1.01.25-1.04.25;;Мурино и Кудрово;25.03 Мурино остаток 0
П212;FitnessHouse;номинал 5000₽;1.01.25-1.04.25;;Мурино и Кудрово;Кудрово 01.03.25
П213;FitnessHouse;номинал 5000₽;1.01.25-1.04.25;;Мурино и Кудрово;30.03 Мурино потрачено 4250
П214;FitnessHouse;номинал 5000₽;1.01.25-1.04.25;;Мурино и Кудрово;21.03 Мурино остаток 0
П215;FitnessHouse;номинал 5000₽;1.01.25-1.04.25;;Мурино и Кудрово;28.02 Мурино потрачено 900
П216;FitnessHouse;номинал 5000₽;1.01.25-1.04.25;;Мурино и Кудрово
П217;FitnessHouse;номинал 5000₽;1.01.25-1.04.25;;Мурино и Кудрово;15.03 остаток 200
П218;FitnessHouse;номинал 5000₽;1.01.25-1.04.25;;Мурино и Кудрово;14.02 Мурино
П219;FitnessHouse;номинал 5000₽;1.01.25-1.04.25;;Мурино и Кудрово;21.03 мурино остаток 0
П220;FitnessHouse;номинал 5000₽;1.01.25-1.04.25;;Мурино и Кудрово;16.03.25 Мурино остаток 0
П221;FitnessHouse;номинал 5000₽;1.01.25-1.04.25;;Мурино и Кудрово;29.03 Мурино потрачено 1600
П222;FitnessHouse;номинал 5000₽;1.01.25-1.04.25;;Мурино и Кудрово;15.03 остаток 3000
П223;FitnessHouse;номинал 5000₽;1.01.25-1.04.25;;Мурино и Кудрово;16.03.25 мурино остаток  2000
П224;FitnessHouse;номинал 5000₽;1.01.25-1.04.25;;Мурино и Кудрово;31.03.25 Кудрово
П225;топстретчинг;номинал 3500₽;1.01.25-1.04.25;;;15.02 Кудрово
П226;топстретчинг;номинал 3500₽;1.01.25-1.04.25;;;08.03 невский остаток 1900
П227;топстретчинг;номинал 3500₽;1.01.25-1.04.25;;;"16.03 мурино остаток 1900
 21.03 остаток 0"
П228;топстретчинг;номинал 3500₽;1.01.25-1.04.25
П229;топстретчинг;номинал 3500₽;1.01.25-1.04.25
П230;Апероль Шпиц;номинал 5000₽;1.02.25-31.12.25;;Спб
П231;Апероль Шпиц;номинал 5000₽;1.02.25-31.12.25;;Спб
П232;Апероль Шпиц;номинал 5000₽;1.02.25-31.12.25;;Спб
П233;Апероль Шпиц;номинал 5000₽;1.02.25-31.12.25;;Спб
П234;Апероль Шпиц;номинал 5000₽;1.02.25-31.12.25;;Спб
П235;Апероль Шпиц;номинал 5000₽;1.02.25-31.12.25;;Спб
П236;Апероль Шпиц;номинал 5000₽;1.02.25-31.12.25;;Спб
П237;Апероль Шпиц;номинал 5000₽;1.02.25-31.12.25;;Спб
П238;Апероль Шпиц;номинал 5000₽;1.02.25-31.12.25;;Спб
П239;Апероль Шпиц;номинал 5000₽;1.02.25-31.12.25;;Спб
П240;Апероль Шпиц;номинал 5000₽;1.02.25-31.12.25;;Спб
П241;Апероль Шпиц;номинал 5000₽;1.02.25-31.12.25;;Спб
П242;Апероль Шпиц;номинал 5000₽;1.02.25-31.12.25;;Спб
П243;Апероль Шпиц;номинал 5000₽;1.02.25-31.12.25;;Спб
П244;Апероль Шпиц;номинал 5000₽;1.02.25-31.12.25;;Спб
П245;Апероль Шпиц;номинал 5000₽;1.02.25-31.12.25;;Спб
П246;Апероль Шпиц;номинал 5000₽;1.02.25-31.12.25;;Спб
П247;Апероль Шпиц;номинал 5000₽;1.02.25-31.12.25;;Спб
П248;Апероль Шпиц;номинал 5000₽;1.02.25-31.12.25;;Спб
П249;Апероль Шпиц;номинал 5000₽;1.02.25-31.12.25;;Спб
П250;Апероль Шпиц;номинал 5000₽;1.02.25-31.12.25;;Спб
П251;Апероль Шпиц;номинал 5000₽;1.02.25-31.12.25;;Спб
П252;Апероль Шпиц;номинал 5000₽;1.02.25-31.12.25;;Спб
П253;Апероль Шпиц;номинал 5000₽;1.02.25-31.12.25;;Спб
П254;Апероль Шпиц;номинал 5000₽;1.02.25-31.12.25;;Спб
П255;Апероль Шпиц;номинал 5000₽;1.02.25-31.12.25;;Спб
П256;Апероль Шпиц;номинал 5000₽;1.02.25-31.12.25;;Спб
П257;Апероль Шпиц;номинал 5000₽;1.02.25-31.12.25;;Спб
П258;Апероль Шпиц;номинал 5000₽;1.02.25-31.12.25;;Спб
П259;Апероль Шпиц;номинал 5000₽;1.02.25-31.12.25;;Спб
П260;КвизПлиз;Стрижка + уход от стилиста;11.02.2025-15.03.2025;;Кудрово;13.03
П261;КвизПлиз;Стрижка + уход от стилиста;11.02.2025-15.03.2026;;Спб, Мурино, Кудрово
П262;КвизПлиз;Стрижка + уход от стилиста;11.02.2025-15.03.2027;;Спб, Мурино, Кудрово
П263;Эпичные (лазер);Окрашивание за 990р;1.04.25-30.04.25;;Спб, Мурино, Кудрово
П264;Эпичные (лазер);Окрашивание за 990р;1.04.25-30.04.25;;Спб, Мурино, Кудрово
П265;Эпичные (лазер);Окрашивание за 990р;1.04.25-30.04.25;;Спб, Мурино, Кудрово
П266;Эпичные (лазер);Окрашивание за 990р;1.04.25-30.04.25;;Спб, Мурино, Кудрово
П267;Эпичные (лазер);Окрашивание за 990р;1.04.25-30.04.25;;Спб, Мурино, Кудрово
П268;Эпичные (лазер);Окрашивание за 990р;1.04.25-30.04.25;;Спб, Мурино, Кудрово
П269;Эпичные (лазер);Окрашивание за 990р;1.04.25-30.04.25;;Спб, Мурино, Кудрово
П270;Эпичные (лазер);Окрашивание за 990р;1.04.25-30.04.25;;Спб, Мурино, Кудрово
П271;Эпичные (лазер);Окрашивание за 990р;1.04.25-30.04.25;;Спб, Мурино, Кудрово
П272;Эпичные (лазер);Окрашивание за 990р;1.04.25-30.04.25;;Спб, Мурино, Кудрово
П273;Эпичные (лазер);Окрашивание за 990р;1.04.25-30.04.25;;Спб, Мурино, Кудрово
П274;Эпичные (лазер);Окрашивание за 990р;1.04.25-30.04.25;;Спб, Мурино, Кудрово
П275;Эпичные (лазер);Окрашивание за 990р;1.04.25-30.04.25;;Спб, Мурино, Кудрово
П276;Эпичные (лазер);Окрашивание за 990р;1.04.25-30.04.25;;Спб, Мурино, Кудрово
П277;Эпичные (лазер);Окрашивание за 990р;1.04.25-30.04.25;;Спб, Мурино, Кудрово
П278;Эпичные (лазер);Окрашивание за 990р;1.04.25-30.04.25;;Спб, Мурино, Кудрово
П279;Эпичные (лазер);Окрашивание за 990р;1.04.25-30.04.25;;Спб, Мурино, Кудрово
П280;Эпичные (лазер);Окрашивание за 990р;1.04.25-30.04.25;;Спб, Мурино, Кудрово
П281;Эпичные (лазер);Окрашивание за 990р;1.04.25-30.04.25;;Спб, Мурино, Кудрово
П282;Эпичные (лазер);Окрашивание за 990р;1.04.25-30.04.25;;Спб, Мурино, Кудрово
П283;Эпичные (лазер);Окрашивание за 990р;1.04.25-30.04.25;;Спб, Мурино, Кудрово
П284;Эпичные (лазер);Окрашивание за 990р;1.04.25-30.04.25;;Спб, Мурино, Кудрово
П285;Эпичные (лазер);Окрашивание за 990р;1.04.25-30.04.25;;Спб, Мурино, Кудрово
П286;Эпичные (лазер);Окрашивание за 990р;1.04.25-30.04.25;;Спб, Мурино, Кудрово
П287;Эпичные (лазер);Окрашивание за 990р;1.04.25-30.04.25;;Спб, Мурино, Кудрово
П288;Эпичные (лазер);Окрашивание за 990р;1.04.25-30.04.25;;Спб, Мурино, Кудрово
П289;Эпичные (лазер);Окрашивание за 990р;1.04.25-30.04.25;;Спб, Мурино, Кудрово
П290;Эпичные (лазер);Окрашивание за 990р;1.04.25-30.04.25;;Спб, Мурино, Кудрово
П291;Эпичные (лазер);Окрашивание за 990р;1.04.25-30.04.25;;Спб, Мурино, Кудрово
П292;Эпичные (лазер);Окрашивание за 990р;1.04.25-30.04.25;;Спб, Мурино, Кудрово
П293;Эпичные (лазер);Окрашивание за 990р;1.04.25-30.04.25;;Спб, Мурино, Кудрово
П294;Эпичные (лазер);Окрашивание за 990р;1.04.25-30.04.25;;Спб, Мурино, Кудрово
П295;Эпичные (лазер);Окрашивание за 990р;1.04.25-30.04.25;;Спб, Мурино, Кудрово
П296;Эпичные (лазер);Окрашивание за 990р;1.04.25-30.04.25;;Спб, Мурино, Кудрово
П297;Эпичные (лазер);Окрашивание за 990р;1.04.25-30.04.25;;Спб, Мурино, Кудрово
П298;Эпичные (лазер);Окрашивание за 990р;1.04.25-30.04.25;;Спб, Мурино, Кудрово
П299;Эпичные (лазер);Окрашивание за 990р;1.04.25-30.04.25;;Спб, Мурино, Кудрово
П300;Эпичные (лазер);Окрашивание за 990р;1.04.25-30.04.25;;Спб, Мурино, Кудрово
П301;Эпичные (лазер);Окрашивание за 990р;1.04.25-30.04.25;;Спб, Мурино, Кудрово
П302;Эпичные (лазер);Окрашивание за 990р;1.04.25-30.04.25;;Спб, Мурино, Кудрово
П303;Эпичные (лазер);Окрашивание за 990р;1.04.25-30.04.25;;Спб, Мурино, Кудрово
П304;Эпичные (лазер);Окрашивание за 990р;1.04.25-30.04.25;;Спб, Мурино, Кудрово
П305;Эпичные (лазер);Окрашивание за 990р;1.04.25-30.04.25;;Спб, Мурино, Кудрово
П306;Эпичные (лазер);Окрашивание за 990р;1.04.25-30.04.25;;Спб, Мурино, Кудрово
П307;Эпичные (лазер);Окрашивание за 990р;1.04.25-30.04.25;;Спб, Мурино, Кудрово
П308;Эпичные (лазер);Окрашивание за 990р;1.04.25-30.04.25;;Спб, Мурино, Кудрово
П309;Эпичные (лазер);Окрашивание за 990р;1.04.25-30.04.25;;Спб, Мурино, Кудрово
П310;Эпичные (лазер);Окрашивание за 990р;1.04.25-30.04.25;;Спб, Мурино, Кудрово
П311;Эпичные (лазер);Окрашивание за 990р;1.04.25-30.04.25;;Спб, Мурино, Кудрово
П312;Эпичные (лазер);Окрашивание за 990р;1.04.25-30.04.25;;Спб, Мурино, Кудрово
П313;Эпичные (лазер);Окрашивание за 990р;1.04.25-30.04.25;;Спб, Мурино, Кудрово
П314;Эпичные (лазер);Окрашивание за 990р;1.04.25-30.04.25;;Спб, Мурино, Кудрово
П315;Эпичные (лазер);Окрашивание за 990р;1.04.25-30.04.25;;Спб, Мурино, Кудрово
П316;Эпичные (лазер);Окрашивание за 990р;1.04.25-30.04.25;;Спб, Мурино, Кудрово
П317;Эпичные (лазер);Окрашивание за 990р;1.04.25-30.04.25;;Спб, Мурино, Кудрово
П318;Эпичные (лазер);Окрашивание за 990р;1.04.25-30.04.25;;Спб, Мурино, Кудрово
П319;Эпичные (лазер);Окрашивание за 990р;1.04.25-30.04.25;;Спб, Мурино, Кудрово
П320;Эпичные (лазер);Окрашивание за 990р;1.04.25-30.04.25;;Спб, Мурино, Кудрово
П321;Эпичные (лазер);Окрашивание за 990р;1.04.25-30.04.25;;Спб, Мурино, Кудрово
П322;Эпичные (лазер);Окрашивание за 990р;1.04.25-30.04.25;;Спб, Мурино, Кудрово
П323;Эпичные (лазер);Окрашивание за 990р;1.04.25-30.04.25;;Спб, Мурино, Кудрово
П324;Эпичные (лазер);Окрашивание за 990р;1.04.25-30.04.25;;Спб, Мурино, Кудрово
П325;Эпичные (лазер);Окрашивание за 990р;1.04.25-30.04.25;;Спб, Мурино, Кудрово
П326;Эпичные (лазер);Окрашивание за 990р;1.04.25-30.04.25;;Спб, Мурино, Кудрово
П327;Эпичные (лазер);Окрашивание за 990р;1.04.25-30.04.25;;Спб, Мурино, Кудрово
П328;Эпичные (лазер);Окрашивание за 990р;1.04.25-30.04.25;;Спб, Мурино, Кудрово
П329;Эпичные (лазер);Окрашивание за 990р;1.04.25-30.04.25;;Спб, Мурино, Кудрово
П330;Эпичные (лазер);Окрашивание за 990р;1.04.25-30.04.25;;Спб, Мурино, Кудрово
П331;Эпичные (лазер);Окрашивание за 990р;1.04.25-30.04.25;;Спб, Мурино, Кудрово
П332;Эпичные (лазер);Окрашивание за 990р;1.04.25-30.04.25;;Спб, Мурино, Кудрово
П333;Эпичные (лазер);Окрашивание за 990р;1.04.25-30.04.25;;Спб, Мурино, Кудрово
П334;Эпичные (лазер);Окрашивание за 990р;1.04.25-30.04.25;;Спб, Мурино, Кудрово
П335;Эпичные (лазер);Окрашивание за 990р;1.04.25-30.04.25;;Спб, Мурино, Кудрово
П336;Эпичные (лазер);Окрашивание за 990р;1.04.25-30.04.25;;Спб, Мурино, Кудрово
П337;Эпичные (лазер);Окрашивание за 990р;1.04.25-30.04.25;;Спб, Мурино, Кудрово
П338;Эпичные (лазер);Окрашивание за 990р;1.04.25-30.04.25;;Спб, Мурино, Кудрово
П339;Эпичные (лазер);Окрашивание за 990р;1.04.25-30.04.25;;Спб, Мурино, Кудрово
П340;Эпичные (лазер);Окрашивание за 990р;1.04.25-30.04.25;;Спб, Мурино, Кудрово
П341;Эпичные (лазер);Окрашивание за 990р;1.04.25-30.04.25;;Спб, Мурино, Кудрово
П342;Эпичные (лазер);Окрашивание за 990р;1.04.25-30.04.25;;Спб, Мурино, Кудрово
П343;Эпичные (лазер);Окрашивание за 990р;1.04.25-30.04.25;;Спб, Мурино, Кудрово
П344;Эпичные (лазер);Окрашивание за 990р;1.04.25-30.04.25;;Спб, Мурино, Кудрово
П345;Эпичные (лазер);Окрашивание за 990р;1.04.25-30.04.25;;Спб, Мурино, Кудрово
П346;Эпичные (лазер);Окрашивание за 990р;1.04.25-30.04.25;;Спб, Мурино, Кудрово
П347;Эпичные (лазер);Окрашивание за 990р;1.04.25-30.04.25;;Спб, Мурино, Кудрово
П348;Эпичные (лазер);Окрашивание за 990р;1.04.25-30.04.25;;Спб, Мурино, Кудрово
П349;Эпичные (лазер);Окрашивание за 990р;1.04.25-30.04.25;;Спб, Мурино, Кудрово
П350;Эпичные (лазер);Окрашивание за 990р;1.04.25-30.04.25;;Спб, Мурино, Кудрово
П351;Эпичные (лазер);Окрашивание за 990р;1.04.25-30.04.25;;Спб, Мурино, Кудрово
П352;Эпичные (лазер);Окрашивание за 990р;1.04.25-30.04.25;;Спб, Мурино, Кудрово
П353;Эпичные (лазер);Окрашивание за 990р;1.04.25-30.04.25;;Спб, Мурино, Кудрово
П354;Эпичные (лазер);Окрашивание за 990р;1.04.25-30.04.25;;Спб, Мурино, Кудрово
П355;Эпичные (лазер);Окрашивание за 990р;1.04.25-30.04.25;;Спб, Мурино, Кудрово
П356;Эпичные (лазер);Окрашивание за 990р;1.04.25-30.04.25;;Спб, Мурино, Кудрово
П357;Эпичные (лазер);Окрашивание за 990р;1.04.25-30.04.25;;Спб, Мурино, Кудрово
П358;Эпичные (лазер);Окрашивание за 990р;1.04.25-30.04.25;;Спб, Мурино, Кудрово
П359;Эпичные (лазер);Окрашивание за 990р;1.04.25-30.04.25;;Спб, Мурино, Кудрово
П360;Эпичные (лазер);Окрашивание за 990р;1.04.25-30.04.25;;Спб, Мурино, Кудрово
П361;Эпичные (лазер);Окрашивание за 990р;1.04.25-30.04.25;;Спб, Мурино, Кудрово
П362;Эпичные (лазер);Окрашивание за 990р;1.04.25-30.04.25;;Спб, Мурино, Кудрово
П363;Эпичные (лазер);Скидка 1000р на услуги по категории;1.04.25-30.04.25;;Спб, Мурино, Кудрово
П364;Эпичные (лазер);Скидка 1000р на услуги по категории;1.04.25-30.04.25;;Спб, Мурино, Кудрово
П365;Эпичные (лазер);Скидка 1000р на услуги по категории;1.04.25-30.04.25;;Спб, Мурино, Кудрово
П366;Эпичные (лазер);Скидка 1000р на услуги по категории;1.04.25-30.04.25;;Спб, Мурино, Кудрово
П367;Эпичные (лазер);Скидка 1000р на услуги по категории;1.04.25-30.04.25;;Спб, Мурино, Кудрово
П368;Эпичные (лазер);Скидка 1000р на услуги по категории;1.04.25-30.04.25;;Спб, Мурино, Кудрово
П369;Эпичные (лазер);Скидка 1000р на услуги по категории;1.04.25-30.04.25;;Спб, Мурино, Кудрово
П370;Эпичные (лазер);Скидка 1000р на услуги по категории;1.04.25-30.04.25;;Спб, Мурино, Кудрово
П371;Эпичные (лазер);Скидка 1000р на услуги по категории;1.04.25-30.04.25;;Спб, Мурино, Кудрово
П372;Эпичные (лазер);Скидка 1000р на услуги по категории;1.04.25-30.04.25;;Спб, Мурино, Кудрово
П373;Эпичные (лазер);Скидка 1000р на услуги по категории;1.04.25-30.04.25;;Спб, Мурино, Кудрово
П374;Эпичные (лазер);Скидка 1000р на услуги по категории;1.04.25-30.04.25;;Спб, Мурино, Кудрово
П375;Эпичные (лазер);Скидка 1000р на услуги по категории;1.04.25-30.04.25;;Спб, Мурино, Кудрово
П376;Эпичные (лазер);Скидка 1000р на услуги по категории;1.04.25-30.04.25;;Спб, Мурино, Кудрово
П377;Эпичные (лазер);Скидка 1000р на услуги по категории;1.04.25-30.04.25;;Спб, Мурино, Кудрово
П378;Эпичные (лазер);Скидка 1000р на услуги по категории;1.04.25-30.04.25;;Спб, Мурино, Кудрово
П379;Эпичные (лазер);Скидка 1000р на услуги по категории;1.04.25-30.04.25;;Спб, Мурино, Кудрово
П380;Эпичные (лазер);Скидка 1000р на услуги по категории;1.04.25-30.04.25;;Спб, Мурино, Кудрово
П381;Эпичные (лазер);Скидка 1000р на услуги по категории;1.04.25-30.04.25;;Спб, Мурино, Кудрово
П382;Эпичные (лазер);Скидка 1000р на услуги по категории;1.04.25-30.04.25;;Спб, Мурино, Кудрово
П383;Эпичные (лазер);Скидка 1000р на услуги по категории;1.04.25-30.04.25;;Спб, Мурино, Кудрово
П384;Эпичные (лазер);Скидка 1000р на услуги по категории;1.04.25-30.04.25;;Спб, Мурино, Кудрово
П385;Эпичные (лазер);Скидка 1000р на услуги по категории;1.04.25-30.04.25;;Спб, Мурино, Кудрово
П386;Эпичные (лазер);Скидка 1000р на услуги по категории;1.04.25-30.04.25;;Спб, Мурино, Кудрово
П387;Эпичные (лазер);Скидка 1000р на услуги по категории;1.04.25-30.04.25;;Спб, Мурино, Кудрово
П388;Эпичные (лазер);Скидка 1000р на услуги по категории;1.04.25-30.04.25;;Спб, Мурино, Кудрово
П389;Эпичные (лазер);Скидка 1000р на услуги по категории;1.04.25-30.04.25;;Спб, Мурино, Кудрово
П390;Эпичные (лазер);Скидка 1000р на услуги по категории;1.04.25-30.04.25;;Спб, Мурино, Кудрово
П391;Эпичные (лазер);Скидка 1000р на услуги по категории;1.04.25-30.04.25;;Спб, Мурино, Кудрово
П392;Эпичные (лазер);Скидка 1000р на услуги по категории;1.04.25-30.04.25;;Спб, Мурино, Кудрово
П393;Эпичные (лазер);Скидка 1000р на услуги по категории;1.04.25-30.04.25;;Спб, Мурино, Кудрово
П394;Эпичные (лазер);Скидка 1000р на услуги по категории;1.04.25-30.04.25;;Спб, Мурино, Кудрово
П395;Эпичные (лазер);Скидка 1000р на услуги по категории;1.04.25-30.04.25;;Спб, Мурино, Кудрово
П396;Эпичные (лазер);Скидка 1000р на услуги по категории;1.04.25-30.04.25;;Спб, Мурино, Кудрово
П397;Эпичные (лазер);Скидка 1000р на услуги по категории;1.04.25-30.04.25;;Спб, Мурино, Кудрово
П398;Эпичные (лазер);Скидка 1000р на услуги по категории;1.04.25-30.04.25;;Спб, Мурино, Кудрово
П399;Эпичные (лазер);Скидка 1000р на услуги по категории;1.04.25-30.04.25;;Спб, Мурино, Кудрово
П400;Эпичные (лазер);Скидка 1000р на услуги по категории;1.04.25-30.04.25;;Спб, Мурино, Кудрово
П401;Эпичные (лазер);Скидка 1000р на услуги по категории;1.04.25-30.04.25;;Спб, Мурино, Кудрово
П402;Эпичные (лазер);Скидка 1000р на услуги по категории;1.04.25-30.04.25;;Спб, Мурино, Кудрово
П403;Эпичные (лазер);Скидка 1000р на услуги по категории;1.04.25-30.04.25;;Спб, Мурино, Кудрово
П404;Эпичные (лазер);Скидка 1000р на услуги по категории;1.04.25-30.04.25;;Спб, Мурино, Кудрово
П405;Эпичные (лазер);Скидка 1000р на услуги по категории;1.04.25-30.04.25;;Спб, Мурино, Кудрово
П406;Эпичные (лазер);Скидка 1000р на услуги по категории;1.04.25-30.04.25;;Спб, Мурино, Кудрово
П407;Эпичные (лазер);Скидка 1000р на услуги по категории;1.04.25-30.04.25;;Спб, Мурино, Кудрово
П408;Эпичные (лазер);Скидка 1000р на услуги по категории;1.04.25-30.04.25;;Спб, Мурино, Кудрово
П409;Эпичные (лазер);Скидка 1000р на услуги по категории;1.04.25-30.04.25;;Спб, Мурино, Кудрово
П410;Эпичные (лазер);Скидка 1000р на услуги по категории;1.04.25-30.04.25;;Спб, Мурино, Кудрово
П411;Эпичные (лазер);Скидка 1000р на услуги по категории;1.04.25-30.04.25;;Спб, Мурино, Кудрово
П412;Эпичные (лазер);Скидка 1000р на услуги по категории;1.04.25-30.04.25;;Спб, Мурино, Кудрово
П413;Эпичные (лазер);Скидка 1000р на услуги по категории;1.04.25-30.04.25;;Спб, Мурино, Кудрово
П414;Эпичные (лазер);Скидка 1000р на услуги по категории;1.04.25-30.04.25;;Спб, Мурино, Кудрово
П415;Эпичные (лазер);Скидка 1000р на услуги по категории;1.04.25-30.04.25;;Спб, Мурино, Кудрово
П416;Эпичные (лазер);Скидка 1000р на услуги по категории;1.04.25-30.04.25;;Спб, Мурино, Кудрово
П417;Эпичные (лазер);Скидка 1000р на услуги по категории;1.04.25-30.04.25;;Спб, Мурино, Кудрово
П418;Эпичные (лазер);Скидка 1000р на услуги по категории;1.04.25-30.04.25;;Спб, Мурино, Кудрово
П419;Эпичные (лазер);Скидка 1000р на услуги по категории;1.04.25-30.04.25;;Спб, Мурино, Кудрово
П420;Эпичные (лазер);Скидка 1000р на услуги по категории;1.04.25-30.04.25;;Спб, Мурино, Кудрово
П421;Эпичные (лазер);Скидка 1000р на услуги по категории;1.04.25-30.04.25;;Спб, Мурино, Кудрово
П422;Эпичные (лазер);Скидка 1000р на услуги по категории;1.04.25-30.04.25;;Спб, Мурино, Кудрово
П423;Эпичные (лазер);Скидка 1000р на услуги по категории;1.04.25-30.04.25;;Спб, Мурино, Кудрово
П424;Эпичные (лазер);Скидка 1000р на услуги по категории;1.04.25-30.04.25;;Спб, Мурино, Кудрово
П425;Эпичные (лазер);Скидка 1000р на услуги по категории;1.04.25-30.04.25;;Спб, Мурино, Кудрово
П426;Эпичные (лазер);Скидка 1000р на услуги по категории;1.04.25-30.04.25;;Спб, Мурино, Кудрово
П427;Эпичные (лазер);Скидка 1000р на услуги по категории;1.04.25-30.04.25;;Спб, Мурино, Кудрово
П428;Эпичные (лазер);Скидка 1000р на услуги по категории;1.04.25-30.04.25;;Спб, Мурино, Кудрово
П429;Эпичные (лазер);Скидка 1000р на услуги по категории;1.04.25-30.04.25;;Спб, Мурино, Кудрово
П430;Эпичные (лазер);Скидка 1000р на услуги по категории;1.04.25-30.04.25;;Спб, Мурино, Кудрово
П431;Эпичные (лазер);Скидка 1000р на услуги по категории;1.04.25-30.04.25;;Спб, Мурино, Кудрово
П432;Эпичные (лазер);Скидка 1000р на услуги по категории;1.04.25-30.04.25;;Спб, Мурино, Кудрово
П433;Эпичные (лазер);Скидка 1000р на услуги по категории;1.04.25-30.04.25;;Спб, Мурино, Кудрово
П434;Эпичные (лазер);Скидка 1000р на услуги по категории;1.04.25-30.04.25;;Спб, Мурино, Кудрово
П435;Эпичные (лазер);Скидка 1000р на услуги по категории;1.04.25-30.04.25;;Спб, Мурино, Кудрово
П436;Эпичные (лазер);Скидка 1000р на услуги по категории;1.04.25-30.04.25;;Спб, Мурино, Кудрово
П437;Эпичные (лазер);Скидка 1000р на услуги по категории;1.04.25-30.04.25;;Спб, Мурино, Кудрово
П438;Эпичные (лазер);Скидка 1000р на услуги по категории;1.04.25-30.04.25;;Спб, Мурино, Кудрово
П439;Эпичные (лазер);Скидка 1000р на услуги по категории;1.04.25-30.04.25;;Спб, Мурино, Кудрово
П440;Эпичные (лазер);Скидка 1000р на услуги по категории;1.04.25-30.04.25;;Спб, Мурино, Кудрово
П441;Эпичные (лазер);Скидка 1000р на услуги по категории;1.04.25-30.04.25;;Спб, Мурино, Кудрово
П442;Эпичные (лазер);Скидка 1000р на услуги по категории;1.04.25-30.04.25;;Спб, Мурино, Кудрово
П443;Эпичные (лазер);Скидка 1000р на услуги по категории;1.04.25-30.04.25;;Спб, Мурино, Кудрово
П444;Эпичные (лазер);Скидка 1000р на услуги по категории;1.04.25-30.04.25;;Спб, Мурино, Кудрово
П445;Эпичные (лазер);Скидка 1000р на услуги по категории;1.04.25-30.04.25;;Спб, Мурино, Кудрово
П446;Эпичные (лазер);Скидка 1000р на услуги по категории;1.04.25-30.04.25;;Спб, Мурино, Кудрово
П447;Эпичные (лазер);Скидка 1000р на услуги по категории;1.04.25-30.04.25;;Спб, Мурино, Кудрово
П448;Эпичные (лазер);Скидка 1000р на услуги по категории;1.04.25-30.04.25;;Спб, Мурино, Кудрово
П449;Эпичные (лазер);Скидка 1000р на услуги по категории;1.04.25-30.04.25;;Спб, Мурино, Кудрово
П450;Эпичные (лазер);Скидка 1000р на услуги по категории;1.04.25-30.04.25;;Спб, Мурино, Кудрово
П451;Эпичные (лазер);Скидка 1000р на услуги по категории;1.04.25-30.04.25;;Спб, Мурино, Кудрово
П452;Эпичные (лазер);Скидка 1000р на услуги по категории;1.04.25-30.04.25;;Спб, Мурино, Кудрово
П453;Эпичные (лазер);Скидка 1000р на услуги по категории;1.04.25-30.04.25;;Спб, Мурино, Кудрово
П454;Эпичные (лазер);Скидка 1000р на услуги по категории;1.04.25-30.04.25;;Спб, Мурино, Кудрово
П455;Эпичные (лазер);Скидка 1000р на услуги по категории;1.04.25-30.04.25;;Спб, Мурино, Кудрово
П456;Эпичные (лазер);Скидка 1000р на услуги по категории;1.04.25-30.04.25;;Спб, Мурино, Кудрово
П457;Эпичные (лазер);Скидка 1000р на услуги по категории;1.04.25-30.04.25;;Спб, Мурино, Кудрово
П458;Эпичные (лазер);Скидка 1000р на услуги по категории;1.04.25-30.04.25;;Спб, Мурино, Кудрово
П459;Эпичные (лазер);Скидка 1000р на услуги по категории;1.04.25-30.04.25;;Спб, Мурино, Кудрово
П460;Эпичные (лазер);Скидка 1000р на услуги по категории;1.04.25-30.04.25;;Спб, Мурино, Кудрово
П461;Эпичные (лазер);Скидка 1000р на услуги по категории;1.04.25-30.04.25;;Спб, Мурино, Кудрово
П462;Эпичные (лазер);Скидка 1000р на услуги по категории;1.04.25-30.04.25;;Спб, Мурино, Кудрово
П463;2скин (косметология);Окрашивание за 990р;1.03.25-1.04.25;;Спб, Мурино, Кудрово
П464;2скин (косметология);Окрашивание за 990р;1.03.25-1.04.25;;Спб, Мурино, Кудрово
П465;2скин (косметология);Окрашивание за 990р;1.03.25-1.04.25;;Спб, Мурино, Кудрово
П466;2скин (косметология);Окрашивание за 990р;1.03.25-1.04.25;;Спб, Мурино, Кудрово
П467;2скин (косметология);Окрашивание за 990р;1.03.25-1.04.25;;Спб, Мурино, Кудрово
П468;2скин (косметология);Окрашивание за 990р;1.03.25-1.04.25;;Спб, Мурино, Кудрово
П469;2скин (косметология);Окрашивание за 990р;1.03.25-1.04.25;;Спб, Мурино, Кудрово
П470;2скин (косметология);Окрашивание за 990р;1.03.25-1.04.25;;Спб, Мурино, Кудрово
П471;2скин (косметология);Окрашивание за 990р;1.03.25-1.04.25;;Спб, Мурино, Кудрово
П472;2скин (косметология);Окрашивание за 990р;1.03.25-1.04.25;;Спб, Мурино, Кудрово
П473;2скин (косметология);Окрашивание за 990р;1.03.25-1.04.25;;Спб, Мурино, Кудрово
П474;2скин (косметология);Окрашивание за 990р;1.03.25-1.04.25;;Спб, Мурино, Кудрово
П475;2скин (косметология);Окрашивание за 990р;1.03.25-1.04.25;;Спб, Мурино, Кудрово
П476;2скин (косметология);Окрашивание за 990р;1.03.25-1.04.25;;Спб, Мурино, Кудрово
П477;2скин (косметология);Окрашивание за 990р;1.03.25-1.04.25;;Спб, Мурино, Кудрово
П478;2скин (косметология);Окрашивание за 990р;1.03.25-1.04.25;;Спб, Мурино, Кудрово
П479;2скин (косметология);Окрашивание за 990р;1.03.25-1.04.25;;Спб, Мурино, Кудрово
П480;2скин (косметология);Окрашивание за 990р;1.03.25-1.04.25;;Спб, Мурино, Кудрово
П481;2скин (косметология);Окрашивание за 990р;1.03.25-1.04.25;;Спб, Мурино, Кудрово
П482;2скин (косметология);Окрашивание за 990р;1.03.25-1.04.25;;Спб, Мурино, Кудрово
П483;2скин (косметология);Окрашивание за 990р;1.03.25-1.04.25;;Спб, Мурино, Кудрово
П484;2скин (косметология);Окрашивание за 990р;1.03.25-1.04.25;;Спб, Мурино, Кудрово
П485;2скин (косметология);Окрашивание за 990р;1.03.25-1.04.25;;Спб, Мурино, Кудрово
П486;2скин (косметология);Окрашивание за 990р;1.03.25-1.04.25;;Спб, Мурино, Кудрово
П487;2скин (косметология);Окрашивание за 990р;1.03.25-1.04.25;;Спб, Мурино, Кудрово
П488;2скин (косметология);Окрашивание за 990р;1.03.25-1.04.25;;Спб, Мурино, Кудрово
П489;2скин (косметология);Окрашивание за 990р;1.03.25-1.04.25;;Спб, Мурино, Кудрово
П490;2скин (косметология);Окрашивание за 990р;1.03.25-1.04.25;;Спб, Мурино, Кудрово
П491;2скин (косметология);Окрашивание за 990р;1.03.25-1.04.25;;Спб, Мурино, Кудрово
П492;2скин (косметология);Окрашивание за 990р;1.03.25-1.04.25;;Спб, Мурино, Кудрово
П493;2скин (косметология);Окрашивание за 990р;1.03.25-1.04.25;;Спб, Мурино, Кудрово
П494;2скин (косметология);Окрашивание за 990р;1.03.25-1.04.25;;Спб, Мурино, Кудрово
П495;2скин (косметология);Окрашивание за 990р;1.03.25-1.04.25;;Спб, Мурино, Кудрово
П496;2скин (косметология);Окрашивание за 990р;1.03.25-1.04.25;;Спб, Мурино, Кудрово
П497;2скин (косметология);Окрашивание за 990р;1.03.25-1.04.25;;Спб, Мурино, Кудрово
П498;2скин (косметология);Окрашивание за 990р;1.03.25-1.04.25;;Спб, Мурино, Кудрово
П499;2скин (косметология);Окрашивание за 990р;1.03.25-1.04.25;;Спб, Мурино, Кудрово
П500;2скин (косметология);Окрашивание за 990р;1.03.25-1.04.25;;Спб, Мурино, Кудрово
П501;2скин (косметология);Окрашивание за 990р;1.03.25-1.04.25;;Спб, Мурино, Кудрово
П502;2скин (косметология);Окрашивание за 990р;1.03.25-1.04.25;;Спб, Мурино, Кудрово
П503;2скин (косметология);Окрашивание за 990р;1.03.25-1.04.25;;Спб, Мурино, Кудрово
П504;2скин (косметология);Окрашивание за 990р;1.03.25-1.04.25;;Спб, Мурино, Кудрово
П505;2скин (косметология);Окрашивание за 990р;1.03.25-1.04.25;;Спб, Мурино, Кудрово
П506;2скин (косметология);Окрашивание за 990р;1.03.25-1.04.25;;Спб, Мурино, Кудрово
П507;2скин (косметология);Окрашивание за 990р;1.03.25-1.04.25;;Спб, Мурино, Кудрово
П508;2скин (косметология);Окрашивание за 990р;1.03.25-1.04.25;;Спб, Мурино, Кудрово
П509;2скин (косметология);Окрашивание за 990р;1.03.25-1.04.25;;Спб, Мурино, Кудрово
П510;2скин (косметология);Окрашивание за 990р;1.03.25-1.04.25;;Спб, Мурино, Кудрово
П511;2скин (косметология);Окрашивание за 990р;1.03.25-1.04.25;;Спб, Мурино, Кудрово
П512;2скин (косметология);Окрашивание за 990р;1.03.25-1.04.25;;Спб, Мурино, Кудрово
П513;2скин (косметология);Окрашивание за 990р;1.03.25-1.04.25;;Спб, Мурино, Кудрово
П514;2скин (косметология);Окрашивание за 990р;1.03.25-1.04.25;;Спб, Мурино, Кудрово
П515;2скин (косметология);Окрашивание за 990р;1.03.25-1.04.25;;Спб, Мурино, Кудрово
П516;2скин (косметология);Окрашивание за 990р;1.03.25-1.04.25;;Спб, Мурино, Кудрово
П517;2скин (косметология);Окрашивание за 990р;1.03.25-1.04.25;;Спб, Мурино, Кудрово
П518;2скин (косметология);Окрашивание за 990р;1.03.25-1.04.25;;Спб, Мурино, Кудрово
П519;2скин (косметология);Окрашивание за 990р;1.03.25-1.04.25;;Спб, Мурино, Кудрово
П520;2скин (косметология);Окрашивание за 990р;1.03.25-1.04.25;;Спб, Мурино, Кудрово
П521;2скин (косметология);Окрашивание за 990р;1.03.25-1.04.25;;Спб, Мурино, Кудрово
П522;2скин (косметология);Окрашивание за 990р;1.03.25-1.04.25;;Спб, Мурино, Кудрово
П523;2скин (косметология);Окрашивание за 990р;1.03.25-1.04.25;;Спб, Мурино, Кудрово
П524;2скин (косметология);Окрашивание за 990р;1.03.25-1.04.25;;Спб, Мурино, Кудрово
П525;2скин (косметология);Окрашивание за 990р;1.03.25-1.04.25;;Спб, Мурино, Кудрово
П526;2скин (косметология);Окрашивание за 990р;1.03.25-1.04.25;;Спб, Мурино, Кудрово
П527;2скин (косметология);Окрашивание за 990р;1.03.25-1.04.25;;Спб, Мурино, Кудрово
П528;2скин (косметология);Окрашивание за 990р;1.03.25-1.04.25;;Спб, Мурино, Кудрово
П529;2скин (косметология);Окрашивание за 990р;1.03.25-1.04.25;;Спб, Мурино, Кудрово
П530;2скин (косметология);Окрашивание за 990р;1.03.25-1.04.25;;Спб, Мурино, Кудрово
П531;2скин (косметология);Окрашивание за 990р;1.03.25-1.04.25;;Спб, Мурино, Кудрово
П532;2скин (косметология);Окрашивание за 990р;1.03.25-1.04.25;;Спб, Мурино, Кудрово
П533;2скин (косметология);Окрашивание за 990р;1.03.25-1.04.25;;Спб, Мурино, Кудрово
П534;2скин (косметология);Окрашивание за 990р;1.03.25-1.04.25;;Спб, Мурино, Кудрово
П535;2скин (косметология);Окрашивание за 990р;1.03.25-1.04.25;;Спб, Мурино, Кудрово
П536;2скин (косметология);Окрашивание за 990р;1.03.25-1.04.25;;Спб, Мурино, Кудрово
П537;2скин (косметология);Окрашивание за 990р;1.03.25-1.04.25;;Спб, Мурино, Кудрово
П538;2скин (косметология);Окрашивание за 990р;1.03.25-1.04.25;;Спб, Мурино, Кудрово
П539;2скин (косметология);Окрашивание за 990р;1.03.25-1.04.25;;Спб, Мурино, Кудрово
П540;2скин (косметология);Окрашивание за 990р;1.03.25-1.04.25;;Спб, Мурино, Кудрово
П541;2скин (косметология);Окрашивание за 990р;1.03.25-1.04.25;;Спб, Мурино, Кудрово
П542;2скин (косметология);Окрашивание за 990р;1.03.25-1.04.25;;Спб, Мурино, Кудрово
П543;2скин (косметология);Окрашивание за 990р;1.03.25-1.04.25;;Спб, Мурино, Кудрово
П544;2скин (косметология);Окрашивание за 990р;1.03.25-1.04.25;;Спб, Мурино, Кудрово
П545;2скин (косметология);Окрашивание за 990р;1.03.25-1.04.25;;Спб, Мурино, Кудрово
П546;2скин (косметология);Окрашивание за 990р;1.03.25-1.04.25;;Спб, Мурино, Кудрово
П547;2скин (косметология);Окрашивание за 990р;1.03.25-1.04.25;;Спб, Мурино, Кудрово
П548;2скин (косметология);Окрашивание за 990р;1.03.25-1.04.25;;Спб, Мурино, Кудрово
П549;2скин (косметология);Окрашивание за 990р;1.03.25-1.04.25;;Спб, Мурино, Кудрово
П550;2скин (косметология);Окрашивание за 990р;1.03.25-1.04.25;;Спб, Мурино, Кудрово
П551;2скин (косметология);Окрашивание за 990р;1.03.25-1.04.25;;Спб, Мурино, Кудрово
П552;2скин (косметология);Окрашивание за 990р;1.03.25-1.04.25;;Спб, Мурино, Кудрово
П553;2скин (косметология);Окрашивание за 990р;1.03.25-1.04.25;;Спб, Мурино, Кудрово
П554;2скин (косметология);Окрашивание за 990р;1.03.25-1.04.25;;Спб, Мурино, Кудрово
П555;2скин (косметология);Окрашивание за 990р;1.03.25-1.04.25;;Спб, Мурино, Кудрово
П556;2скин (косметология);Окрашивание за 990р;1.03.25-1.04.25;;Спб, Мурино, Кудрово
П557;2скин (косметология);Окрашивание за 990р;1.03.25-1.04.25;;Спб, Мурино, Кудрово
П558;2скин (косметология);Окрашивание за 990р;1.03.25-1.04.25;;Спб, Мурино, Кудрово
П559;2скин (косметология);Окрашивание за 990р;1.03.25-1.04.25;;Спб, Мурино, Кудрово
П560;2скин (косметология);Окрашивание за 990р;1.03.25-1.04.25;;Спб, Мурино, Кудрово
П561;2скин (косметология);Окрашивание за 990р;1.03.25-1.04.25;;Спб, Мурино, Кудрово
П562;2скин (косметология);Окрашивание за 990р;1.03.25-1.04.25;;Спб, Мурино, Кудрово
П563;КвизПлиз;Окрашивание за 990р;8.03.25-8.04.25;;Спб, Мурино, Кудрово
П564;КвизПлиз;Окрашивание за 990р;8.03.25-8.04.25;;Спб, Мурино, Кудрово
П565;КвизПлиз;Окрашивание за 990р;8.03.25-8.04.25;;Спб, Мурино, Кудрово
П566;КвизПлиз;Окрашивание за 990р;8.03.25-8.04.25;;Спб, Мурино, Кудрово
П567;КвизПлиз;Окрашивание за 990р;8.03.25-8.04.25;;Спб, Мурино, Кудрово
П568;КвизПлиз;Окрашивание за 990р;8.03.25-8.04.25;;Спб, Мурино, Кудрово
П569;КвизПлиз;Окрашивание за 990р;8.03.25-8.04.25;;Спб, Мурино, Кудрово
П570;КвизПлиз;Окрашивание за 990р;8.03.25-8.04.25;;Спб, Мурино, Кудрово
П571;КвизПлиз;Окрашивание за 990р;8.03.25-8.04.25;;Спб, Мурино, Кудрово
П572;КвизПлиз;Окрашивание за 990р;8.03.25-8.04.25;;Спб, Мурино, Кудрово
П573;КвизПлиз;Окрашивание за 990р;8.03.25-8.04.25;;Спб, Мурино, Кудрово
П574;КвизПлиз;Окрашивание за 990р;8.03.25-8.04.25;;Спб, Мурино, Кудрово
П575;КвизПлиз;Окрашивание за 990р;8.03.25-8.04.25;;Спб, Мурино, Кудрово
П576;КвизПлиз;Окрашивание за 990р;8.03.25-8.04.25;;Спб, Мурино, Кудрово
П577;КвизПлиз;Окрашивание за 990р;8.03.25-8.04.25;;Спб, Мурино, Кудрово
П578;КвизПлиз;Окрашивание за 990р;8.03.25-8.04.25;;Спб, Мурино, Кудрово
П579;КвизПлиз;Окрашивание за 990р;8.03.25-8.04.25;;Спб, Мурино, Кудрово
П580;КвизПлиз;Окрашивание за 990р;8.03.25-8.04.25;;Спб, Мурино, Кудрово
П581;КвизПлиз;Окрашивание за 990р;8.03.25-8.04.25;;Спб, Мурино, Кудрово
П582;КвизПлиз;Окрашивание за 990р;8.03.25-8.04.25;;Спб, Мурино, Кудрово
П583;КвизПлиз;Окрашивание за 990р;8.03.25-8.04.25;;Спб, Мурино, Кудрово
П584;КвизПлиз;Окрашивание за 990р;8.03.25-8.04.25;;Спб, Мурино, Кудрово
П585;КвизПлиз;Окрашивание за 990р;8.03.25-8.04.25;;Спб, Мурино, Кудрово
П586;КвизПлиз;Окрашивание за 990р;8.03.25-8.04.25;;Спб, Мурино, Кудрово
П587;КвизПлиз;Окрашивание за 990р;8.03.25-8.04.25;;Спб, Мурино, Кудрово
П588;КвизПлиз;Окрашивание за 990р;8.03.25-8.04.25;;Спб, Мурино, Кудрово
П589;КвизПлиз;Окрашивание за 990р;8.03.25-8.04.25;;Спб, Мурино, Кудрово
П590;КвизПлиз;Стрижка + уход от стилиста;8.03.25-8.04.25;;Спб, Мурино, Кудрово
П591;КвизПлиз;Стрижка + уход от стилиста;8.03.25-8.04.25;;Спб, Мурино, Кудрово
П592;КвизПлиз;Стрижка + уход от стилиста;8.03.25-8.04.25;;Спб, Мурино, Кудрово
П593;КвизПлиз;Стрижка + уход от стилиста;8.03.25-8.04.25;;Спб, Мурино, Кудрово
П594;КвизПлиз;Стрижка + уход от стилиста;8.03.25-8.04.25;;Спб, Мурино, Кудрово
П595;КвизПлиз;Стрижка + уход от стилиста;8.03.25-8.04.25;;Спб, Мурино, Кудрово
П596;КвизПлиз;Стрижка + уход от стилиста;8.03.25-8.04.25;;Спб, Мурино, Кудрово
П597;КвизПлиз;Стрижка + уход от стилиста;8.03.25-8.04.25;;Спб, Мурино, Кудрово
П598;КвизПлиз;Стрижка + уход от стилиста;8.03.25-8.04.25;;Спб, Мурино, Кудрово
П599;КвизПлиз;Стрижка + уход от стилиста;8.03.25-8.04.25;;Спб, Мурино, Кудрово
П600;КвизПлиз;Стрижка + уход от стилиста;8.03.25-8.04.25;;Спб, Мурино, Кудрово
П601;КвизПлиз;Стрижка + уход от стилиста;8.03.25-8.04.25;;Спб, Мурино, Кудрово
П602;КвизПлиз;Стрижка + уход от стилиста;8.03.25-8.04.25;;Спб, Мурино, Кудрово
П603;КвизПлиз;Стрижка + уход от стилиста;8.03.25-8.04.25;;Спб, Мурино, Кудрово
П604;КвизПлиз;Стрижка + уход от стилиста;8.03.25-8.04.25;;Спб, Мурино, Кудрово
П605;КвизПлиз;Стрижка + уход от стилиста;8.03.25-8.04.25;;Спб, Мурино, Кудрово
П606;КвизПлиз;Стрижка + уход от стилиста;8.03.25-8.04.25;;Спб, Мурино, Кудрово
П607;КвизПлиз;Стрижка + уход от стилиста;8.03.25-8.04.25;;Спб, Мурино, Кудрово
П608;КвизПлиз;Стрижка + уход от стилиста;8.03.25-8.04.25;;Спб, Мурино, Кудрово
П609;КвизПлиз;Стрижка + уход от стилиста;8.03.25-8.04.25;;Спб, Мурино, Кудрово
П610;КвизПлиз;Стрижка + уход от стилиста;8.03.25-8.04.25;;Спб, Мурино, Кудрово
П611;КвизПлиз;Стрижка + уход от стилиста;8.03.25-8.04.25;;Спб, Мурино, Кудрово
П612;КвизПлиз;Стрижка + уход от стилиста;8.03.25-8.04.25;;Спб, Мурино, Кудрово
П613;КвизПлиз;Стрижка + уход от стилиста;8.03.25-8.04.25;;Спб, Мурино, Кудрово
П614;КвизПлиз;Стрижка + уход от стилиста;8.03.25-8.04.25;;Спб, Мурино, Кудрово
П615;КвизПлиз;Стрижка + уход от стилиста;8.03.25-8.04.25;;Спб, Мурино, Кудрово
П616;КвизПлиз;Стрижка + уход от стилиста;8.03.25-8.04.25;;Спб, Мурино, Кудрово
П617;КвизПлиз;Бесплатная стрижка;8.03.25-30.04.25;;Спб, Мурино, Кудрово
П618;КвизПлиз;Бесплатная стрижка;8.03.25-30.04.25;;Спб, Мурино, Кудрово
П619;КвизПлиз;Бесплатная стрижка;8.03.25-30.04.25;;Спб, Мурино, Кудрово
П620;КвизПлиз;Бесплатная стрижка;8.03.25-30.04.25;;Спб, Мурино, Кудрово
П621;КвизПлиз;Бесплатная стрижка;8.03.25-30.04.25;;Спб, Мурино, Кудрово
П622;КвизПлиз;Бесплатная стрижка;8.03.25-30.04.25;;Спб, Мурино, Кудрово
П623;КвизПлиз;Бесплатная стрижка;8.03.25-30.04.25;;Спб, Мурино, Кудрово;Мурино 29.03
П624;КвизПлиз;Бесплатная стрижка;8.03.25-30.04.25;;Спб, Мурино, Кудрово
П625;КвизПлиз;Бесплатная стрижка;8.03.25-30.04.25;;Спб, Мурино, Кудрово
П626;КвизПлиз;Бесплатная стрижка;8.03.25-30.04.25;;Спб, Мурино, Кудрово;Мурино 24.04
П627;КвизПлиз;Бесплатная стрижка;8.03.25-30.04.25;;Спб, Мурино, Кудрово
П628;КвизПлиз;Бесплатная стрижка;8.03.25-30.04.25;;Спб, Мурино, Кудрово
П629;КвизПлиз;Бесплатная стрижка;8.03.25-30.04.25;;Спб, Мурино, Кудрово
П630;КвизПлиз;Бесплатная стрижка;8.03.25-30.04.25;;Спб, Мурино, Кудрово
П631;КвизПлиз;Бесплатная стрижка;8.03.25-30.04.25;;Спб, Мурино, Кудрово
П632;КвизПлиз;Бесплатная стрижка;8.03.25-30.04.25;;Спб, Мурино, Кудрово
П633;КвизПлиз;Бесплатная стрижка;8.03.25-30.04.25;;Спб, Мурино, Кудрово
П634;КвизПлиз;Бесплатная стрижка;8.03.25-30.04.25;;Спб, Мурино, Кудрово
П635;КвизПлиз;Бесплатная стрижка;8.03.25-30.04.25;;Спб, Мурино, Кудрово
П636;КвизПлиз;Бесплатная стрижка;8.03.25-30.04.25;;Спб, Мурино, Кудрово
П637;КвизПлиз;Бесплатная стрижка;8.03.25-30.04.25;;Спб, Мурино, Кудрово
П638;КвизПлиз;Бесплатная стрижка;8.03.25-30.04.25;;Спб, Мурино, Кудрово
П639;КвизПлиз;Бесплатная стрижка;8.03.25-30.04.25;;Спб, Мурино, Кудрово
П640;КвизПлиз;Бесплатная стрижка;8.03.25-30.04.25;;Спб, Мурино, Кудрово
П641;КвизПлиз;Бесплатная стрижка;8.03.25-30.04.25;;Спб, Мурино, Кудрово
П642;КвизПлиз;Бесплатная стрижка;8.03.25-30.04.25;;Спб, Мурино, Кудрово
П643;КвизПлиз;Бесплатная стрижка;8.03.25-30.04.25;;Спб, Мурино, Кудрово
П644;КвизПлиз;Бесплатная стрижка;8.03.25-30.04.25;;Спб, Мурино, Кудрово
П645;КвизПлиз;Бесплатная стрижка;8.03.25-30.04.25;;Спб, Мурино, Кудрово
П646;КвизПлиз;Бесплатная стрижка;8.03.25-30.04.25;;Спб, Мурино, Кудрово
П647;Бруно;Бесплатная стрижка;8.03.25-30.04.2025;;Спб, Мурино, Кудрово
П648;Бруно;Бесплатная стрижка;8.03.25-30.04.2025;;Спб, Мурино, Кудрово
П649;Бруно;Бесплатная стрижка;8.03.25-30.04.2025;;Спб, Мурино, Кудрово
П650;Бруно;Бесплатная стрижка;8.03.25-30.04.2025;;Спб, Мурино, Кудрово
П651;Бруно;Бесплатная стрижка;8.03.25-30.04.2025;;Спб, Мурино, Кудрово
П652;Бруно;Бесплатная стрижка;8.03.25-30.04.2025;;Спб, Мурино, Кудрово
П653;Бруно;Бесплатная стрижка;8.03.25-30.04.2025;;Спб, Мурино, Кудрово
П654;Бруно;Бесплатная стрижка;8.03.25-30.04.2025;;Спб, Мурино, Кудрово
П655;Бруно;Бесплатная стрижка;8.03.25-30.04.2025;;Спб, Мурино, Кудрово
П656;Бруно;Бесплатная стрижка;8.03.25-30.04.2025;;Спб, Мурино, Кудрово
П657;Бруно;Бесплатная стрижка;8.03.25-30.04.2025;;Спб, Мурино, Кудрово
П658;Бруно;Бесплатная стрижка;8.03.25-30.04.2025;;Спб, Мурино, Кудрово
П659;Бруно;Бесплатная стрижка;8.03.25-30.04.2025;;Спб, Мурино, Кудрово
П660;Бруно;Бесплатная стрижка;8.03.25-30.04.2025;;Спб, Мурино, Кудрово
П661;Бруно;Бесплатная стрижка;8.03.25-30.04.2025;;Спб, Мурино, Кудрово
П662;Бруно;Бесплатная стрижка;8.03.25-30.04.2025;;Спб, Мурино, Кудрово
П663;Бруно;Бесплатная стрижка;8.03.25-30.04.2025;;Спб, Мурино, Кудрово
П664;Бруно;Бесплатная стрижка;8.03.25-30.04.2025;;Спб, Мурино, Кудрово
П665;Бруно;Бесплатная стрижка;8.03.25-30.04.2025;;Спб, Мурино, Кудрово
П666;Бруно;Бесплатная стрижка;8.03.25-30.04.2025;;Спб, Мурино, Кудрово
П667;Бруно;Бесплатная стрижка;8.03.25-30.04.2025;;Спб, Мурино, Кудрово
П668;Бруно;Бесплатная стрижка;8.03.25-30.04.2025;;Спб, Мурино, Кудрово
П669;Бруно;Бесплатная стрижка;8.03.25-30.04.2025;;Спб, Мурино, Кудрово
П670;Бруно;Бесплатная стрижка;8.03.25-30.04.2025;;Спб, Мурино, Кудрово
П671;Бруно;Бесплатная стрижка;8.03.25-30.04.2025;;Спб, Мурино, Кудрово
П672;Бруно;Бесплатная стрижка;8.03.25-30.04.2025;;Спб, Мурино, Кудрово
П673;Бруно;Бесплатная стрижка;8.03.25-30.04.2025;;Спб, Мурино, Кудрово
П674;Бруно;Бесплатная стрижка;8.03.25-30.04.2025;;Спб, Мурино, Кудрово
П675;Бруно;Бесплатная стрижка;8.03.25-30.04.2025;;Спб, Мурино, Кудрово
П676;Бруно;Бесплатная стрижка;8.03.25-30.04.2025;;Спб, Мурино, Кудрово
П677;Бруно;Бесплатная стрижка;8.03.25-30.04.2025;;Спб, Мурино, Кудрово
П678;Бруно;Бесплатная стрижка;8.03.25-30.04.2025;;Спб, Мурино, Кудрово
П679;Бруно;Бесплатная стрижка;8.03.25-30.04.2025;;Спб, Мурино, Кудрово
П680;Бруно;Бесплатная стрижка;8.03.25-30.04.2025;;Спб, Мурино, Кудрово
П681;Бруно;Бесплатная стрижка;8.03.25-30.04.2025;;Спб, Мурино, Кудрово
П682;Бруно;Бесплатная стрижка;8.03.25-30.04.2025;;Спб, Мурино, Кудрово
П683;Бруно;Бесплатная стрижка;8.03.25-30.04.2025;;Спб, Мурино, Кудрово
П684;Бруно;Бесплатная стрижка;8.03.25-30.04.2025;;Спб, Мурино, Кудрово
П685;Бруно;Бесплатная стрижка;8.03.25-30.04.2025;;Спб, Мурино, Кудрово
П686;Бруно;Бесплатная стрижка;8.03.25-30.04.2025;;Спб, Мурино, Кудрово
П687;Бруно;Бесплатная стрижка;8.03.25-30.04.2025;;Спб, Мурино, Кудрово
П688;Бруно;Бесплатная стрижка;8.03.25-30.04.2025;;Спб, Мурино, Кудрово
П689;Бруно;Бесплатная стрижка;8.03.25-30.04.2025;;Спб, Мурино, Кудрово
П690;Бруно;Бесплатная стрижка;8.03.25-30.04.2025;;Спб, Мурино, Кудрово
П691;Бруно;Бесплатная стрижка;8.03.25-30.04.2025;;Спб, Мурино, Кудрово
П692;Бруно;Бесплатная стрижка;8.03.25-30.04.2025;;Спб, Мурино, Кудрово
П693;Бруно;Бесплатная стрижка;8.03.25-30.04.2025;;Спб, Мурино, Кудрово
П694;Бруно;Бесплатная стрижка;8.03.25-30.04.2025;;Спб, Мурино, Кудрово
П695;Бруно;Бесплатная стрижка;8.03.25-30.04.2025;;Спб, Мурино, Кудрово
П696;Бруно;Бесплатная стрижка;8.03.25-30.04.2025;;Спб, Мурино, Кудрово
П697;Бруно;Бесплатный уход;8.03.25-30.04.2025;;Спб, Мурино, Кудрово
П698;Бруно;Бесплатный уход;8.03.25-30.04.2025;;Спб, Мурино, Кудрово
П699;Бруно;Бесплатный уход;8.03.25-30.04.2025;;Спб, Мурино, Кудрово
П700;Бруно;Бесплатный уход;8.03.25-30.04.2025;;Спб, Мурино, Кудрово
П701;Бруно;Бесплатный уход;8.03.25-30.04.2025;;Спб, Мурино, Кудрово
П702;Бруно;Бесплатный уход;8.03.25-30.04.2025;;Спб, Мурино, Кудрово
П703;Бруно;Бесплатный уход;8.03.25-30.04.2025;;Спб, Мурино, Кудрово
П704;Бруно;Бесплатный уход;8.03.25-30.04.2025;;Спб, Мурино, Кудрово
П705;Бруно;Бесплатный уход;8.03.25-30.04.2025;;Спб, Мурино, Кудрово
П706;Бруно;Бесплатный уход;8.03.25-30.04.2025;;Спб, Мурино, Кудрово
П707;Бруно;Бесплатный уход;8.03.25-30.04.2025;;Спб, Мурино, Кудрово
П708;Бруно;Бесплатный уход;8.03.25-30.04.2025;;Спб, Мурино, Кудрово
П709;Бруно;Бесплатный уход;8.03.25-30.04.2025;;Спб, Мурино, Кудрово
П710;Бруно;Бесплатный уход;8.03.25-30.04.2025;;Спб, Мурино, Кудрово
П711;Бруно;Бесплатный уход;8.03.25-30.04.2025;;Спб, Мурино, Кудрово
П712;Бруно;Бесплатный уход;8.03.25-30.04.2025;;Спб, Мурино, Кудрово
П713;Бруно;Бесплатный уход;8.03.25-30.04.2025;;Спб, Мурино, Кудрово
П714;Бруно;Бесплатный уход;8.03.25-30.04.2025;;Спб, Мурино, Кудрово
П715;Бруно;Бесплатный уход;8.03.25-30.04.2025;;Спб, Мурино, Кудрово
П716;Бруно;Бесплатный уход;8.03.25-30.04.2025;;Спб, Мурино, Кудрово
П717;Бруно;Бесплатный уход;8.03.25-30.04.2025;;Спб, Мурино, Кудрово
П718;Бруно;Бесплатный уход;8.03.25-30.04.2025;;Спб, Мурино, Кудрово
П719;Бруно;Бесплатный уход;8.03.25-30.04.2025;;Спб, Мурино, Кудрово
П720;Бруно;Бесплатный уход;8.03.25-30.04.2025;;Спб, Мурино, Кудрово
П721;Бруно;Бесплатный уход;8.03.25-30.04.2025;;Спб, Мурино, Кудрово
П722;Бруно;Бесплатный уход;8.03.25-30.04.2025;;Спб, Мурино, Кудрово
П723;Бруно;Бесплатный уход;8.03.25-30.04.2025;;Спб, Мурино, Кудрово
П724;Бруно;Бесплатный уход;8.03.25-30.04.2025;;Спб, Мурино, Кудрово
П725;Бруно;Бесплатный уход;8.03.25-30.04.2025;;Спб, Мурино, Кудрово
П726;Бруно;Бесплатный уход;8.03.25-30.04.2025;;Спб, Мурино, Кудрово
П727;Бруно;Бесплатный уход;8.03.25-30.04.2025;;Спб, Мурино, Кудрово
П728;Бруно;Бесплатный уход;8.03.25-30.04.2025;;Спб, Мурино, Кудрово
П729;Бруно;Бесплатный уход;8.03.25-30.04.2025;;Спб, Мурино, Кудрово
П730;Бруно;Бесплатный уход;8.03.25-30.04.2025;;Спб, Мурино, Кудрово
П731;Бруно;Бесплатный уход;8.03.25-30.04.2025;;Спб, Мурино, Кудрово
П732;Бруно;Бесплатный уход;8.03.25-30.04.2025;;Спб, Мурино, Кудрово
П733;Бруно;Бесплатный уход;8.03.25-30.04.2025;;Спб, Мурино, Кудрово
П734;Бруно;Бесплатный уход;8.03.25-30.04.2025;;Спб, Мурино, Кудрово
П735;Бруно;Бесплатный уход;8.03.25-30.04.2025;;Спб, Мурино, Кудрово
П736;Бруно;Бесплатный уход;8.03.25-30.04.2025;;Спб, Мурино, Кудрово
П737;Бруно;Бесплатный уход;8.03.25-30.04.2025;;Спб, Мурино, Кудрово
П738;Бруно;Бесплатный уход;8.03.25-30.04.2025;;Спб, Мурино, Кудрово
П739;Бруно;Бесплатный уход;8.03.25-30.04.2025;;Спб, Мурино, Кудрово
П740;Бруно;Бесплатный уход;8.03.25-30.04.2025;;Спб, Мурино, Кудрово
П741;Бруно;Бесплатный уход;8.03.25-30.04.2025;;Спб, Мурино, Кудрово
П742;Бруно;Бесплатный уход;8.03.25-30.04.2025;;Спб, Мурино, Кудрово
П743;Бруно;Бесплатный уход;8.03.25-30.04.2025;;Спб, Мурино, Кудрово
П744;Бруно;Бесплатный уход;8.03.25-30.04.2025;;Спб, Мурино, Кудрово
П745;Бруно;Бесплатный уход;8.03.25-30.04.2025;;Спб, Мурино, Кудрово
П746;Бруно;Бесплатный уход;8.03.25-30.04.2025;;Спб, Мурино, Кудрово
П747;Бруно;Полное преображение от ТОП-стилиста (окрашивание, стрижка, укладка) ;8.03.25-30.04.2025;;Спб, Мурино, Кудрово
П748;Бруно;Полное преображение от ТОП-стилиста (окрашивание, стрижка, укладка) ;8.03.25-30.04.2025;;Спб, Мурино, Кудрово
П749;Бруно;Полное преображение от ТОП-стилиста (окрашивание, стрижка, укладка) ;8.03.25-30.04.2025;;Спб, Мурино, Кудрово
Без номеров;Лазер Про;500/2500 + БЕСПЛАТНЫЙ УХОД;15.05.2025-30.06.2025;300 штук;Большевиков
